from,to,cost
52323,52515,312.5280129775109
52323,52533,256.90042765571394
52323,52546,359.4099637306104
52323,52557,397.0830131196395
52323,52643,396.9906939034133
52323,52652,409.20170678882283
52323,52656,494.70016356796106
52323,52674,578.8734875587003
52323,52679,646.8915520203949
52323,52681,623.4625093347076
52323,52784,696.5071849633234
52323,52787,716.4890614500084
52323,52797,792.1024039614605
52323,52881,753.1510992235322
52323,52884,851.311435602297
52323,52885,776.3087749255956
52323,52895,879.487101791886
52323,52896,847.4086873988841
52323,52978,876.21514852125
52323,52980,845.876055629404
52323,52981,875.8796902641648
52323,52982,902.9240365945806
52323,52983,903.1867896882975
52323,52984,874.0995962925607
52323,52985,896.4969430937801
52323,52986,930.2453306202389
52323,52988,921.9816092382055
52323,52993,974.5812566966674
52323,52995,955.4346804022499
52323,52996,996.142590536495
52323,52998,969.740258797598
52323,53821,1059.121239592499
52323,53829,1141.7122837565648
52323,53906,1028.2170551179538
52323,53908,1022.1361868319268
52323,53915,1087.781959523139
52323,53917,1074.3056589059847
52323,53923,1140.0964135729466
52323,53924,1187.5246716116035
52323,53925,1112.600194114717
52323,53926,1148.4162863041888
52323,53927,1111.2813508180027
52323,53928,1129.987395974459
52323,53930,1116.186084640881
52323,53934,1161.1510033971779
52323,53935,1211.6898434273696
52323,53937,1175.217479672379
52323,56071,934.9276991513551
52323,56074,974.5775367992171
52323,56080,913.3878990219499
52323,56081,963.6913858355865
52323,56082,982.3856995767251
52323,56084,1017.5455181462447
52323,56091,1009.4611466845819
52323,56092,1006.5681082861511
52323,56093,1022.860632402343
52323,56094,1100.8532587057618
52323,56095,1078.326698935896
52323,56096,1164.4426483987231
52323,56192,1193.570184011525
52323,57001,1067.6055818496673
52323,57002,1078.3552767959497
52323,57004,1043.153840406808
52323,57006,1106.988137718889
52323,57007,1108.3014248758238
52323,57008,1128.279474138417
52323,57011,1117.2812032305435
52323,57012,1101.74475360189
52323,57014,1115.0493328404073
52323,57102,1176.6780661477956
52323,57105,1207.2996991560306
52323,57110,1194.7813485198078
52323,57111,1195.7243109919473
52515,52533,310.66719390559354
52515,52546,426.6580838502941
52515,52557,458.1197054400455
52515,52643,416.99236522616906
52515,52652,468.53065910200536
52515,52656,528.9167435016117
52515,52674,631.6615434323421
52515,52679,700.2141279426601
52515,52681,716.1295967923329
52515,52784,735.582417378887
52515,52787,744.2021576285385
52515,52797,842.2240720910701
52515,52881,779.1683392399557
52515,52884,871.2701800307622
52515,52885,795.4880933620884
52515,52895,919.953920475853
52515,52896,877.7150495708813
52515,52978,829.80929829599
52515,52980,840.2056500858448
52515,52981,863.1884231204052
52515,52982,888.1509446216531
52515,52983,912.1939497600437
52515,52984,854.0041023557216
52515,52985,875.1901435248886
52515,52986,919.1733180602815
52515,52988,907.7564712000682
52515,52993,995.1838223290243
52515,52995,965.0683226752482
52515,52996,1007.6035452373542
52515,52998,958.8957462837895
52515,53821,1137.0025205225536
52515,53829,1211.3405538250186
52515,53906,1055.4261987966784
52515,53908,1033.0764030597343
52515,53915,1130.347750526135
52515,53917,1099.3183803448321
52515,53923,1200.178673721138
52515,53924,1231.497904885593
52515,53925,1165.5779619157604
52515,53926,1195.4638951338359
52515,53927,1144.2617161100927
52515,53928,1171.248856716359
52515,53930,1198.664411853533
52515,53934,1226.779777411937
52515,53935,1275.1342441653244
52515,53937,1233.7885603935742
52515,56071,872.3100878092063
52515,56074,888.8221887978891
52515,56080,870.8100018080311
52515,56081,923.7617219087161
52515,56082,942.8148888786872
52515,56084,960.1936410691959
52515,56091,996.7014977866697
52515,56092,1001.1265227345922
52515,56093,990.7239947773817
52515,56094,1061.119880263168
52515,56095,1044.2622492569096
52515,56096,1127.3809456738231
52515,56192,1142.9455216808437
52515,57001,1068.3763381443164
52515,57002,1087.15745445967
52515,57004,1035.231013616321
52515,57006,1110.9474079154243
52515,57007,1092.8715795006162
52515,57008,1111.6527223887524
52515,57011,1131.9447645786042
52515,57012,1122.8094671990689
52515,57014,1120.8004899829
52515,57102,1161.392372504991
52515,57105,1181.190214239837
52515,57110,1186.2856789178995
52515,57111,1193.8846244019078
52533,52546,124.10524434520556
52533,52557,160.80914716568202
52533,52643,143.50178678487575
52533,52652,172.7869946435737
52533,52656,251.21331184391929
52533,52674,347.1602771681663
52533,52679,417.5214822322092
52533,52681,416.5643344353472
52533,52784,461.79085519180705
52533,52787,477.57920378162777
52533,52797,564.425018362991
52533,52881,514.3629374415048
52533,52884,612.0011368299369
52533,52885,535.449650635917
52533,52895,648.8360723086865
52533,52896,611.9871442409984
52533,52978,621.2520469654314
52533,52980,598.4328487661669
52533,52981,627.0340326483331
52533,52982,653.8910825591735
52533,52983,660.8592906992207
52533,52984,623.5325274014356
52533,52985,645.913017552695
52533,52986,682.4299066170689
52533,52988,673.2911005332602
52533,52993,737.1819626176472
52533,52995,713.969071499018
52533,52996,755.7560226240747
52533,52998,722.4025236834891
52533,53821,849.6086729144703
52533,53829,928.366521118655
52533,53906,793.9515459687746
52533,53908,781.8544531913473
52533,53915,860.5935625836325
52533,53917,839.662209602014
52533,53923,921.7469227060251
52533,53924,961.8702802612065
52533,53925,890.488907541091
52533,53926,923.8310386776327
52533,53927,880.1907988046845
52533,53928,902.6196447153612
52533,53930,909.8459850458755
52533,53934,945.8420741992644
52533,53935,995.6511833334695
52533,53937,956.4078900790015
52533,56071,678.7326597119853
52533,56074,717.6799700142849
52533,56080,659.1889067735066
52533,56081,710.251757848588
52533,56082,729.1364138856566
52533,56084,762.1607049674953
52533,56091,762.0194073088152
52533,56092,761.0607427663516
52533,56093,771.2104317132147
52533,56094,848.3455454894349
52533,56095,826.7014865814756
52533,56096,912.7828362075659
52533,56192,939.8132735271811
52533,57001,824.5045292902521
52533,57002,837.9166623903006
52533,57004,797.3068359513638
52533,57006,865.2349066194564
52533,57007,861.0213657760505
52533,57008,880.8488874146686
52533,57011,879.2122222289968
52533,57012,865.8630987407704
52533,57014,873.9414515886428
52533,57102,929.9359661028642
52533,57105,958.1436020161586
52533,57110,949.9956961588922
52533,57111,952.8861443943154
52546,52557,38.191405127827814
52546,52643,62.790364419288025
52546,52652,50.47839372367244
52546,52656,135.29621664094793
52546,52674,224.8737548088907
52546,52679,294.97403330863045
52546,52681,292.9615782028221
52546,52784,341.17695736824334
52546,52787,359.0023081221657
52546,52797,442.00498392309356
52546,52881,395.8331439498425
52546,52884,493.99332666249103
52546,52885,418.16902194835416
52546,52895,527.4120880043974
52546,52896,492.13995268734146
52546,52978,521.7040228693384
52546,52980,486.4685423298735
52546,52981,516.5798947754233
52546,52982,543.6362793918483
52546,52983,544.7416574595769
52546,52984,515.2602574567949
52546,52985,537.6295798940116
52546,52986,570.8381456289586
52546,52988,562.6360701714306
52546,52993,618.4556217407403
52546,52995,597.3753120688241
52546,52996,638.5845801854135
52546,52998,610.336516202754
52546,53821,725.5469168599142
52546,53829,804.5220567173486
52546,53906,674.015041777303
52546,53908,664.6587144912696
52546,53915,738.6459053535967
52546,53917,719.9381223259651
52546,53923,798.3551464944829
52546,53924,839.7074023580725
52546,53925,767.5861337024753
52546,53926,801.4071065455447
52546,53927,759.3127967848144
52546,53928,780.770146448661
52546,53930,785.7436584606412
52546,53934,822.1601791562914
52546,53935,872.0718619634907
52546,53937,833.1028653922784
52546,56071,583.6218584255809
52546,56074,630.5643884617034
52546,56080,557.3824261108557
52546,56081,606.5810114342809
52546,56082,625.0356411717559
52546,56084,663.2856569591934
52546,56091,650.0581578526536
52546,56092,647.3791498691613
52546,56093,664.2903066192737
52546,56094,742.68344039751
52546,56095,719.6775240233846
52546,56096,805.727009757181
52546,56192,836.3169862107209
52546,57001,709.0821942495031
52546,57002,720.8758995078805
52546,57004,683.9247525054271
52546,57006,748.9878235432609
52546,57007,748.9211459099777
52546,57008,768.892234340545
52546,57011,761.0007335409701
52546,57012,746.6668079438742
52546,57014,757.3196071224538
52546,57102,817.3656596657863
52546,57105,847.9252972531514
52546,57110,835.852372171737
52546,57111,837.3915115619313
52557,52643,59.44359904762214
52557,52652,12.287622951654653
52557,52656,98.00376348416323
52557,52674,186.94239863338828
52557,52679,257.15741086721556
52557,52681,258.68588903737214
52557,52784,303.0243204286006
52557,52787,320.82664371278463
52557,52797,404.1836501587088
52557,52881,357.65437954684757
52557,52884,455.8227185242839
52557,52885,380.0503648434641
52557,52895,489.3819116608216
52557,52896,453.9627426047063
52557,52978,486.56500676228336
52557,52980,448.93365871416205
52557,52981,479.25664591933497
52557,52982,506.32109949462813
52557,52983,506.6786586855333
52557,52984,478.3169835252253
52557,52985,500.6578966601098
52557,52986,533.296247121413
52557,52988,525.2417106523238
52557,52993,580.2644718943374
52557,52995,559.266911423923
52557,52996,600.4373117508768
52557,52998,572.7049836834667
52557,53821,689.0497045491143
52557,53829,767.577393979071
52557,53906,635.8517437482086
52557,53908,626.5079913960027
52557,53915,700.7350389293981
52557,53917,681.7668033648342
52557,53923,760.9991567664453
52557,53924,801.8541617737102
52557,53925,729.9718378146196
52557,53926,763.6237957653066
52557,53927,721.2299412392083
52557,53928,742.8410299698326
52557,53930,749.4924165266178
52557,53934,785.0334462206603
52557,53935,834.8546542801977
52557,53937,795.6934514260292
52557,56071,549.3672385146357
52557,56074,598.1390302785985
52557,56080,521.6688678200675
52557,56081,570.4050495012947
52557,56082,588.7514329122505
52557,56084,628.031499738055
52557,56091,612.4220458403473
52557,56092,609.5287287244166
52557,56093,627.4406323690195
52557,56094,705.9979069519574
52557,56095,682.768929515335
52557,56096,768.7619651646038
52557,56192,799.9617036258239
52557,57001,671.0444636831008
52557,57002,682.7283841396725
52557,57004,646.0973853070811
52557,57006,710.8834821736474
52557,57007,711.2296100706585
52557,57008,731.2127764576999
52557,57011,722.812958306085
52557,57012,708.4801858194922
52557,57014,719.1915249385402
52557,57102,779.5974659555134
52557,57105,810.4546441190317
52557,57110,797.9100346348552
52557,57111,799.3312215473818
52643,52652,63.55118143302988
52643,52656,113.45617068118025
52643,52674,215.26164008025978
52643,52679,284.78109802986563
52643,52681,301.27413015654673
52643,52784,324.57250526040013
52643,52787,337.85414069978754
52643,52797,429.73429796581314
52643,52881,374.3679767913267
52643,52884,471.17853565583516
52643,52885,394.3914671193424
52643,52895,511.6658538788202
52643,52896,472.83174645301574
52643,52978,479.2374557605866
52643,52980,455.1887036600114
52643,52981,483.59082198396374
52643,52982,510.425485939486
52643,52983,518.790554595542
52643,52984,480.03741764219416
52643,52985,502.42074124071183
52643,52986,539.0723481284252
52643,52988,529.8460044772625
52643,52993,596.5925707614033
52643,52995,572.0414721059606
52643,52996,614.072767241014
52643,52998,579.0863948628247
52643,53821,721.4204241233132
52643,53829,797.5571629544065
52643,53906,654.3647737051962
52643,53908,640.1462118629676
52643,53915,723.6875459489964
52643,53917,699.7701837916419
52643,53923,788.5573824872238
52643,53924,825.1775808149832
52643,53925,755.7198791289907
52643,53926,787.7686058214628
52643,53927,741.5524957827877
52643,53928,765.4425318258635
52643,53930,782.7425975377383
52643,53934,813.955922967056
52643,53935,863.1195846081832
52643,53937,822.7999490795752
52643,56071,538.3409829985419
52643,56074,581.0153957811572
52643,56080,516.630001674805
52643,56081,567.3377093251294
52643,56082,586.1551490459528
52643,56084,620.558526959464
52643,56091,618.670842732168
52643,56092,618.02250429395
52643,56093,627.8423746103648
52643,56094,705.1685303857678
52643,56095,683.3411852118464
52643,56096,769.4439240332862
52643,56192,797.0896927912063
52643,57001,681.9331871972201
52643,57002,696.0514369025427
52643,57004,654.1776775052217
52643,57006,722.9569911074293
52643,57007,717.6551847802873
52643,57008,737.4608169641514
52643,57011,738.0075564943623
52643,57012,725.4384512963474
52643,57014,731.8267303065928
52643,57102,786.6104104754436
52643,57105,814.6433225148048
52643,57110,806.9587842317801
52643,57111,810.2454882135264
52652,52656,86.21519989079096
52652,52674,174.74379301353375
52652,52679,244.99339891335055
52652,52681,247.8319444476864
52652,52784,290.7450559748332
52652,52787,308.5503162682006
52652,52797,392.0096932478304
52652,52881,345.3763078530614
52652,52884,443.54847440832077
52652,52885,367.79981500781616
52652,52895,477.13845579469944
52652,52896,441.67688171022485
52652,52978,475.4197407376066
52652,52980,436.91060535762625
52652,52981,467.3113505336851
52652,52982,494.3770616270668
52652,52983,494.4499008880372
52652,52984,466.5131495016518
52652,52985,488.8415155024673
52652,52986,521.266351197791
52652,52988,513.2671589177916
52652,52993,567.9783483454013
52652,52995,547.019297408735
52652,52996,588.1732203262288
52652,52998,560.6402112981142
52652,53821,677.303414293971
52652,53829,755.6801214612259
52652,53906,623.5689678113322
52652,53908,614.2423404766702
52652,53915,688.5269450099368
52652,53917,669.4821111216913
52652,53923,748.9679113010799
52652,53924,789.6632675691139
52652,53925,717.8577132649293
52652,53926,751.4552613325028
52652,53927,708.9692787634687
52652,53928,730.6269224613721
52652,53930,737.8242749768837
52652,53934,773.0761650745222
52652,53935,822.8667682533767
52652,53937,783.6441929772649
52652,56071,538.526054979298
52652,56074,587.9333258737305
52652,56080,510.3091287024663
52652,56081,558.8719715820266
52652,56082,577.1774840915251
52652,56084,616.8215599101935
52652,56091,600.3544169339234
52652,56092,597.3809819315386
52652,56093,615.6597166405908
52652,56094,694.2716018680705
52652,56095,670.9638018448873
52652,56096,756.9330035926031
52652,56192,788.347970453709
52652,57001,658.8243665922059
52652,57002,670.463990503361
52652,57004,633.9577100885284
52652,57006,698.6368503879834
52652,57007,699.1393013161193
52652,57008,719.1265583029208
52652,57011,710.5295039501818
52652,57012,696.192693073141
52652,57014,706.9351980432874
52652,57102,767.4778682810946
52652,57105,798.4430008463273
52652,57110,785.7255029742058
52652,57111,787.1016678655905
52656,52674,102.86106026956212
52656,52679,171.55768130174366
52656,52681,198.05822336878106
52656,52784,211.55092514331398
52656,52787,226.37184483148695
52656,52797,316.31141932131055
52656,52881,263.14967795556936
52656,52884,360.8603560227718
52656,52885,284.44455119062246
52656,52895,398.79664658066065
52656,52896,360.94421666412995
52656,52978,390.1552574329211
52656,52980,351.17592194786323
52656,52981,381.32467243842683
52656,52982,408.38571028580316
52656,52983,410.44247307061397
52656,52984,380.3196640600463
52656,52985,402.65689492903965
52656,52986,435.5451687247155
52656,52988,427.35525976569664
52656,52993,485.97716413587597
52656,52995,463.3490011648459
52656,52996,504.9137278709564
52656,52998,475.0699350531628
52656,53821,608.4187015549116
52656,53829,684.170771435079
52656,53906,542.8456854405657
52656,53908,531.0132949839004
52656,53915,610.8245150068904
52656,53917,588.5001097293188
52656,53923,675.1121619948176
52656,53924,712.2777810024392
52656,53925,642.3979290559458
52656,53926,674.6906491037117
52656,53927,629.4377293431759
52656,53928,652.6831988202109
52656,53930,669.907222784667
52656,53934,700.5087933789637
52656,53935,749.6638411256141
52656,53937,709.3776632813431
52656,56071,454.15349580116464
52656,56074,505.94637474691467
52656,56080,424.51553548571417
52656,56081,472.7871260659074
52656,56082,491.0457790790712
52656,56084,531.3329044223786
52656,56091,514.7921707134983
52656,56092,512.3390227382065
52656,56093,529.4549740116729
52656,56094,608.0564201679462
52656,56095,584.7720029875095
52656,56096,670.7591891491519
52656,56192,702.1757352871715
52656,57001,574.5740703518841
52656,57002,587.1560566488084
52656,57004,548.8408777052608
52656,57006,614.8515293097068
52656,57007,613.6836463946238
52656,57008,633.6459293290585
52656,57011,628.0997217189555
52656,57012,614.6502949173097
52656,57014,623.3762472832867
52656,57102,682.192518027507
52656,57105,712.6316957965369
52656,57110,700.983862437139
52656,57111,702.9577875249751
52674,52679,70.38216204505112
52674,52681,106.5461513754515
52674,52784,117.6430590685174
52674,52787,139.38253051764093
52674,52797,217.29519390635448
52674,52881,175.3524567878654
52674,52884,273.01890011516053
52674,52885,199.8092227092922
52674,52895,302.60090374467165
52674,52896,268.59363720287394
52674,52978,340.84790201107177
52674,52980,277.907801002646
52674,52981,310.32909893228475
52674,52982,336.91315106494
52674,52983,326.3672083712319
52674,52984,314.035438732719
52674,52985,335.4501226173057
52674,52986,360.5937559360669
52674,52988,354.5143599727131
52674,52993,395.7077794871802
52674,52995,377.6721938764662
52674,52996,417.7435160669182
52674,52998,398.3657818351251
52674,53821,506.1803559124093
52674,53829,582.8537034941709
52674,53906,449.9460333661724
52674,53908,443.6426638234394
52674,53915,513.7942807428111
52674,53917,495.97799504774207
52674,53923,574.9829084908363
52674,53924,614.9198914164913
52674,53925,543.3481787450502
52674,53926,576.7401020159735
52674,53927,534.6118195579013
52674,53928,555.9063955965942
52674,53930,567.4820627201516
52674,53934,599.684571193012
52674,53935,649.1931212150213
52674,53937,609.5185100333017
52674,56071,409.07900530203756
52674,56074,470.9852159925939
52674,56080,369.0325669081672
52674,56081,411.9055736166795
52674,56082,428.7966227956065
52674,56084,476.72230748427313
52674,56091,437.6365886030504
52674,56092,431.952824286123
52674,56093,461.20116132799046
52674,56094,540.4088577023365
52674,56095,515.2577923966385
52674,56096,599.9112201765007
52674,56192,636.4740193797417
52674,57001,490.321573474028
52674,57002,499.80449619108055
52674,57004,468.59927240039167
52674,57006,528.840051966395
52674,57007,535.070757312109
52674,57008,555.089306482395
52674,57011,538.4088787572141
52674,57012,523.1209498951168
52674,57014,536.6396470919975
52674,57102,602.1911905965878
52674,57105,636.2562058962537
52674,57110,618.2103303667697
52674,57111,617.8689419481374
52679,52681,86.77893629608874
52679,52784,54.035403882347076
52679,52787,82.07009976049133
52679,52797,147.03337812160606
52679,52881,113.93363964538305
52679,52884,208.438003114211
52679,52885,139.99493449665604
52679,52895,233.03571735252024
52679,52896,201.15043767342695
52679,52978,303.0857777215529
52679,52980,224.19064062309363
52679,52981,257.2588948477772
52679,52982,282.7430563605307
52679,52983,263.5006510676731
52679,52984,264.42828554691596
52679,52985,284.466976400892
52679,52986,303.41659881201133
52679,52988,298.94892015310444
52679,52993,328.5205716456582
52679,52995,313.19858432790005
52679,52996,352.1040507105818
52679,52998,339.3867725766668
52679,53821,436.88761513047274
52679,53829,512.8415697165674
52679,53906,381.32585791793656
52679,53908,377.746582564102
52679,53915,443.71160221286095
52679,53917,427.41410766422297
52679,53923,504.64626735444324
52679,53924,544.7334874044712
52679,53925,472.97304289221205
52679,53926,506.46640504126685
52679,53927,465.1298038383264
52679,53928,485.86033083280824
52679,53930,498.45713604154577
52679,53934,529.490274523012
52679,53935,578.9174864758697
52679,53937,539.156823608608
52679,56071,372.1199501131587
52679,56074,439.5955146332145
52679,56080,325.70414665682983
52679,56081,363.59837445674776
52679,56082,379.19434810944165
52679,56084,431.53470855428753
52679,56091,377.8862318418725
52679,56092,370.2237009605887
52679,56093,406.98909687912453
52679,56094,485.6918075756321
52679,56095,459.5919727214002
52679,56096,542.7074287943682
52679,56192,582.1917682744478
52679,57001,425.8921206300099
52679,57002,433.6640240497139
52679,57004,406.6454420092389
52679,57006,463.28200744556284
52679,57007,473.6225483587075
52679,57008,493.5531794427816
52679,57011,470.99700776312005
52679,57012,454.92079771557604
52679,57014,470.67748511260703
52679,57102,539.589595468187
52679,57105,575.5571174537553
52679,57110,554.0301999261588
52679,57111,552.4840196373992
52681,52784,130.09099472941813
52681,52787,160.2515041733221
52681,52797,182.5158281194169
52681,52881,183.88758130856525
52681,52884,265.18233621836043
52681,52885,209.8156172584986
52681,52895,269.2470915747086
52681,52896,250.03671032635555
52681,52978,385.0625523026552
52681,52980,296.7496883296478
52681,52981,329.46874122954745
52681,52982,353.1319184216698
52681,52983,321.53106742690983
52681,52984,339.6404271291797
52681,52985,358.0251713487103
52681,52986,369.6304975370472
52681,52988,367.33170024136865
52681,52993,372.8191647470266
52681,52995,366.0019952331676
52681,52996,400.76338544319685
52681,52998,402.1688847006378
52681,53821,437.0918552824988
52681,53829,518.6954090414264
52681,53906,418.0847546988569
52681,53908,425.0561851304476
52681,53915,468.0830870073564
52681,53917,463.5022629595088
52681,53923,516.6674862588616
52681,53924,566.0681622212135
52681,53925,489.9625673051227
52681,53926,526.6271660185948
52681,53927,494.94362998297146
52681,53928,510.0123070215773
52681,53930,495.8388488778887
52681,53934,537.8228879197287
52681,53935,588.3228559660446
52681,53937,551.79825908083
52681,56071,453.8102118992549
52681,56074,523.1452160815862
52681,56080,404.4077481612623
52681,56081,438.1487218799444
52681,56082,452.40180755173435
52681,56084,507.794753413447
52681,56091,438.6598448527248
52681,56092,427.6066984917806
52681,56093,475.0336269317805
52681,56094,552.1749131190023
52681,56095,525.1553210377932
52681,56096,605.2742485605229
52681,56192,648.3568597837784
52681,57001,476.288466809519
52681,57002,479.1335723815985
52681,57004,462.9029775766876
52681,57006,510.0233094228211
52681,57007,529.8536015979704
52681,57008,549.3589890276737
52681,57011,511.4403844865316
52681,57012,492.2900705378263
52681,57014,516.1030098292955
52681,57102,592.6821939214035
52681,57105,632.0811392254953
52681,57110,603.3148819915014
52681,57111,598.5672084397546
52784,52787,30.173325549953713
52784,52797,106.79580053371502
52784,52881,59.92751602821721
52784,52884,155.81514063940332
52784,52885,85.96169484689979
52784,52895,187.2561329047538
52784,52896,151.1101016932618
52784,52978,254.98176566867556
52784,52980,170.75066304038498
52784,52981,203.82900719388482
52784,52982,229.03741792993887
52784,52983,210.18581302012487
52784,52984,211.87921728502744
52784,52985,231.4298641437546
52784,52986,249.3921173727507
52784,52988,245.03596752030984
52784,52993,278.08142834330147
52784,52995,260.64056725191773
52784,52996,300.2939909937731
52784,52998,285.3966318992602
52784,53821,403.6584520579571
52784,53829,475.87860809610044
52784,53906,332.847403166376
52784,53908,326.1348224841437
52784,53915,399.27490775205695
52784,53917,378.79962503032885
52784,53923,464.90297020145084
52784,53924,500.72737956585155
52784,53925,431.3361133207138
52784,53926,463.2028444478279
52784,53927,418.43345197900106
52784,53928,441.1532872645849
52784,53930,465.84833682770915
52784,53934,491.2063066883107
52784,53935,539.7484954798022
52784,53937,498.84180682050004
52784,56071,323.7215466697766
52784,56074,393.31550765091527
52784,56080,274.9591422593856
52784,56081,310.99974400924583
52784,56082,326.21442686366413
52784,56084,379.65719702168286
52784,56091,323.9833633271589
52784,56092,316.67431836316933
52784,56093,353.1329030555731
52784,56094,431.74986714808716
52784,56095,405.5938633253976
52784,56096,488.67525555052737
52784,56192,528.2580974100135
52784,57001,373.3825406095648
52784,57002,382.2564843588235
52784,57004,353.1771055230096
52784,57006,411.45589080937316
52784,57007,420.05994066507463
52784,57008,440.0195720872357
52784,57011,420.78684569206837
52784,57012,405.7191279339587
52784,57014,419.1410514857993
52784,57102,486.3735705096894
52784,57105,521.8701890851413
52784,57110,501.44595365621694
52784,57111,500.5672647974055
52787,52797,104.66664382497389
52787,52881,36.84472440299851
52787,52884,135.00466183520055
52787,52885,60.42712491213435
52787,52895,175.75283089646945
52787,52896,135.00856110536748
52787,52978,224.847431488614
52787,52980,142.21495108217255
52787,52981,175.26040083808903
52787,52982,200.94231198307997
52787,52983,187.15293878965144
52787,52984,182.46428741550395
52787,52985,202.3987354172079
52787,52986,222.59778542853616
52787,52988,217.52214472465144
52787,52993,259.69109763744166
52787,52995,238.97579076602935
52787,52996,279.73755993613634
52787,52998,259.5789688206408
52787,53821,400.58432151675396
52787,53829,469.5796067135113
52787,53906,316.5985270718136
52787,53908,305.7781049889486
52787,53915,386.9152741743343
52787,53917,362.1648344507815
52787,53923,456.4106545101475
52787,53924,488.3654872026391
52787,53925,421.38141347374926
52787,53926,451.6567654159339
52787,53927,403.73422369376476
52787,53928,428.34588612655585
52787,53930,462.8703532838649
52787,53934,483.7954222386977
52787,53935,531.4455886346922
52787,53937,489.73522779641524
52787,56071,293.55884036611326
52787,56074,363.32366946749926
52787,56080,244.9177398269702
52787,56081,281.6389246640478
52787,56082,297.137163049955
52787,56084,349.94807101550316
52787,56091,298.6254925340762
52787,56092,292.57687197563337
52787,56093,325.3520478476459
52787,56094,404.24287308975255
52787,56095,378.40077240442565
52787,56096,462.16407169850993
52787,56192,500.6909997877929
52787,57001,351.3900852529697
52787,57002,362.00954041189925
52787,57004,329.21928584037596
52787,57006,390.4991501948294
52787,57007,395.74185429751526
52787,57008,415.75457382656725
52787,57011,402.06209858613266
52787,57012,388.288818787225
52787,57014,398.6032927223753
52787,57102,462.8111252481097
52787,57105,497.0934176656834
52787,57110,479.08484882780465
52787,57111,479.2968094286446
52797,52881,80.4081239379722
52797,52884,92.82452122432653
52797,52885,85.75735386647276
52797,52895,88.08141589449615
52797,52896,70.69450701589913
52797,52978,259.7520808990132
52797,52980,150.46004029144822
52797,52981,177.4333586407009
52797,52982,194.48198720458467
52797,52983,146.10262014286596
52797,52984,194.42789472796312
52797,52985,206.2939837565916
52797,52986,202.13465853044622
52797,52988,203.65269211106494
52797,52993,190.33351853618734
52797,52995,185.29126795148332
52797,52996,218.46178257170916
52797,52998,228.60276464759804
52797,53821,297.2537384838485
52797,53829,369.1392796005312
52797,53906,237.8266664493725
52797,53908,242.56586550117822
52797,53915,296.765587523632
52797,53917,283.7647906488729
52797,53923,358.85267893604953
52797,53924,397.70678406916653
52797,53925,326.2734112228029
52797,53926,359.4476046051497
52797,53927,319.18120554960444
52797,53928,338.94495055852263
52797,53930,359.51345379415767
52797,53934,384.7008177389284
52797,53935,433.52703225436613
52797,53937,393.0672943041516
52797,56071,321.41293891780504
52797,56074,396.3517080768744
52797,56080,263.79972426396677
52797,56081,283.1865102695076
52797,56082,293.64939863303994
52797,56084,354.0605298840758
52797,56091,262.1159203106706
52797,56092,248.60437973208622
52797,56093,306.14057492393005
52797,56094,379.5954240490823
52797,56095,351.9253028155027
52797,56096,428.14205316884477
52797,56192,474.25415819590023
52797,57001,294.0556120779797
52797,57002,296.6861759376678
52797,57004,282.7980743590662
52797,57006,327.5214965876186
52797,57007,349.2313033008855
52797,57008,368.4442515171603
52797,57011,330.0883885051542
52797,57012,312.05693846323226
52797,57014,333.69737732157625
52797,57102,410.7298658140866
52797,57105,451.12556431892176
52797,57110,420.8186853085694
52797,57111,416.16715021496157
52881,52884,98.21237761356174
52881,52885,26.351557439068273
52881,52895,141.32007322733168
52881,52896,98.86249257629085
52881,52978,206.8504372193678
52881,52980,112.94460649685765
52881,52981,145.82249509513417
52881,52982,170.25207041061972
52881,52983,151.05108633547624
52881,52984,155.8472871105832
52881,52985,174.18029848995806
52881,52986,189.64452860307838
52881,52988,185.67589664646383
52881,52993,222.86240292959292
52881,52995,202.44654091325694
52881,52996,243.00661526139407
52881,52998,225.46913782835713
52881,53821,370.15841385704596
52881,53829,436.84322972186646
52881,53906,279.99857683184695
52881,53908,269.0279284831164
52881,53915,351.3411436511249
52881,53917,325.4783686854105
52881,53923,422.4699482116006
52881,53924,452.69293068877016
52881,53925,386.77206621713106
52881,53926,416.3212122566699
52881,53927,367.4131174930002
52881,53928,392.5678757210314
52881,53930,432.32786147054003
52881,53934,450.39334587415146
52881,53935,497.50244081974284
52881,53937,455.43806068638224
52881,56071,274.1312501456555
52881,56074,346.38260091704143
52881,56080,221.85036831168122
52881,56081,254.2714949520556
52881,56082,268.72464834289156
52881,56084,323.9713724856579
52881,56091,264.08950755527405
52881,56092,257.1141842603721
52881,56093,293.8406918388817
52881,56094,372.22588511423044
52881,56095,345.9197550585495
52881,56096,428.7869151720395
52881,56192,468.7375347101134
52881,57001,315.0087766520582
52881,57002,325.2586191389703
52881,57004,293.68743351325645
52881,57006,353.8695369937913
52881,57007,360.4487774015534
52881,57008,380.43211400392477
52881,57011,365.2175487031177
52881,57012,351.5011223288146
52881,57014,361.901087676152
52881,57102,427.09837108600095
52881,57105,462.1275991870287
52881,57110,442.85858970301865
52881,57111,442.7525695849544
52884,52885,76.81990543544177
52884,52895,69.79522382313797
52884,52896,28.572642390580295
52884,52978,181.84277907593432
52884,52980,72.12636062559213
52884,52981,90.53649429224005
52884,52982,103.34392524834209
52884,52983,56.379432138297254
52884,52984,110.27292011005147
52884,52985,117.6627154277011
52884,52986,109.3315781424626
52884,52988,111.04888613728778
52884,52993,125.42945002841981
52884,52995,104.83891138090897
52884,52996,144.8333211939454
52884,52998,137.67535039809383
52884,53821,300.9119979920779
52884,53829,357.3442579178711
52884,53906,184.35528895752086
52884,53908,170.8303370652361
52884,53915,260.7809013516509
52884,53917,229.0635472543888
52884,53923,338.34065614628065
52884,53924,361.0024468654948
52884,53925,300.23049559727514
52884,53926,326.33165880454993
52884,53927,273.00122158652056
52884,53928,300.7187439130209
52884,53930,361.2347057946441
52884,53934,368.1198412878919
52884,53935,412.67624797648097
52884,53937,369.53463787526243
52884,56071,236.85985594650518
52884,56074,312.0526376494376
52884,56080,177.76086457094277
52884,56081,191.55077359283024
52884,56082,201.21451488835123
52884,56084,262.1177716443913
52884,56091,173.48506011097757
52884,56092,163.06721693291865
52884,56093,213.82778431957004
52884,56094,288.63812581678167
52884,56095,261.20616604920417
52884,56096,340.1248952987754
52884,56192,384.18239500392224
52884,57001,217.58350952476917
52884,57002,227.05763924095604
52884,57004,199.0400615529721
52884,57006,255.83390775535457
52884,57007,266.171640662135
52884,57008,285.9675461292557
52884,57011,267.24144129937423
52884,57012,254.28390710320573
52884,57014,263.74843309242976
52884,57102,331.3263425816884
52884,57105,368.4200661822006
52884,57110,345.68221520003505
52884,57111,344.85275364984466
52885,52895,129.2597455857988
52885,52896,83.40614478160157
52885,52978,184.65122427427858
52885,52980,86.94481507285377
52885,52981,119.6826888558054
52885,52982,143.9265689944452
52885,52983,126.94062398932387
52885,52984,130.3956321013488
52885,52985,148.22972228779082
52885,52986,163.43800807341148
52885,52988,159.336362415314
52885,52993,202.24737526011205
52885,52995,179.223368320196
52885,52996,220.50587388495197
52885,52998,199.6280428628628
52885,53821,362.19114939937725
52885,53829,425.5037839176137
52885,53906,260.8702267502278
52885,53908,246.60041532827083
52885,53915,335.1573261060579
52885,53917,305.807252076356
52885,53923,409.2749728184406
52885,53924,436.07694279875767
52885,53925,372.4862828264958
52885,53926,400.5227054192247
52885,53927,349.16878494494415
52885,53928,375.8021536757866
52885,53930,423.98976892379835
52885,53934,438.00781027267647
52885,53935,484.15084157196657
52885,53937,441.5602698300507
52885,56071,250.90307263511403
52885,56074,324.01731047574987
52885,56080,197.35018509905666
52885,56081,228.38378097944747
52885,56082,242.6188084044392
52885,56084,298.3417511034259
52885,56091,238.46452768539433
52885,56092,232.15176043388834
52885,56093,267.49927072536997
52885,56094,345.9274800512047
52885,56095,319.6753001567327
52885,56096,402.74100550248306
52885,56192,442.44051276545036
52885,57001,291.32434802814856
52885,57002,302.78063508262727
52885,57004,268.7924258519459
52885,57006,330.84160008498924
52885,57007,335.342119921246
52885,57008,355.3508356048251
52885,57011,343.784890855819
52885,57012,331.1010263772811
52885,57014,339.1540344859352
52885,57102,402.3884471205425
52885,57105,436.7859198796146
52885,57110,418.84444600107923
52885,57111,419.4264821685951
52895,52896,47.4424482525944
52895,52978,247.39427469838097
52895,52980,140.71450606710462
52895,52981,153.2265899785067
52895,52982,158.3414565615781
52895,52983,91.31035018697814
52895,52984,174.2360894389745
52895,52985,176.55181653292078
52895,52986,152.21517515142182
52895,52988,159.13595555310224
52895,52993,105.0970143865722
52895,52995,110.33842797757956
52895,52996,135.9649008662147
52895,52998,166.04716077505293
52895,53821,234.23116195098032
52895,53829,296.3300374519431
52895,53906,149.74645268609044
52895,53908,158.25355124207857
52895,53915,212.03679195011202
52895,53917,195.69032760606888
52895,53923,281.15771498416075
52895,53924,313.5150894673311
52895,53925,245.64463739877598
52895,53926,276.24983590083167
52895,53927,232.09524219319772
52895,53928,253.898306007192
52895,53930,295.5495977662461
52895,53934,309.2810543944891
52895,53935,356.1858540644876
52895,53937,314.15564504370394
52895,56071,296.68473547625644
52895,56074,370.9984164606457
52895,56080,237.4407691795383
52895,56081,240.43652804460066
52895,56082,245.93775242565357
52895,56084,307.87760317071
52895,56091,192.40794466232958
52895,56092,174.792592963225
52895,56093,245.61587715676632
52895,56094,311.85905098868426
52895,56095,284.06157313339764
52895,56096,353.5605863010824
52895,56192,402.9775935885556
52895,57001,210.95701276824784
52895,57002,210.5859055449607
52895,57004,205.6251038093231
52895,57006,241.7787424146939
52895,57007,269.8952572395373
52895,57008,288.3053502141644
52895,57011,242.3230543637423
52895,57012,223.98781931310853
52895,57014,247.33676567172603
52895,57102,327.87234823295086
52895,57105,370.3085841151154
52895,57110,335.6791578971884
52895,57111,329.70342995262024
52896,52978,210.23547758808516
52896,52980,99.9489224880542
52896,52981,119.05484176838462
52896,52982,130.79045239159953
52896,52983,75.69725373942627
52896,52984,138.8448322765807
52896,52985,145.87184244845582
52896,52986,133.75771245300953
52896,52988,136.95148483162944
52896,52993,127.37341191768971
52896,52995,115.96655728063672
52896,52996,152.01080596003206
52896,52998,158.13805230738998
52896,53821,281.65517971310726
52896,53829,342.488609112344
52896,53906,181.98671768344644
52896,53908,177.22005694232357
52896,53915,252.63918801338673
52896,53917,227.8205900075033
52896,53923,325.8715154967197
52896,53924,353.905798128778
52896,53925,289.1641613209509
52896,53926,317.7860420939465
52896,53927,268.7288322562585
52896,53928,293.74280788084184
52896,53930,342.8853582772302
52896,53934,354.68828279539997
52896,53935,400.74552976868165
52896,53937,358.18759124122283
52896,56071,265.34971770527227
52896,56074,340.51882616528087
52896,56080,206.19132224376386
52896,56081,218.29025404087383
52896,56082,227.0590750068073
52896,56084,288.44009422723076
52896,56091,191.44098113645833
52896,56092,178.355697490211
52896,56093,236.29120499470503
52896,56094,309.00393980972746
52896,56095,281.30217557235284
52896,56096,357.6169688244972
52896,56192,403.5604201216963
52896,57001,227.0264713860551
52896,57002,232.80210980682608
52896,57004,213.09145995273985
52896,57006,262.82765303316995
52896,57007,279.9004622915324
52896,57008,299.3468629439564
52896,57011,269.94878601434954
52896,57012,254.610320331638
52896,57014,269.88277664789223
52896,57102,342.87583218619386
52896,57105,382.0760866754298
52896,57110,354.8450827315292
52896,57111,352.0113313018478
52978,52980,111.0557145133607
52978,52981,94.54405813968727
52978,52982,98.58761182359756
52978,52983,165.4218604752827
52978,52984,73.32695280102863
52978,52985,77.54932066896357
52978,52986,124.1230219666182
52978,52988,110.67184825223818
52978,52993,237.35566718208165
52978,52995,195.21074033738634
52978,52996,228.03392924390954
52978,52998,153.08221907211987
52978,53821,457.22550520415916
52978,53829,494.63647890212786
52978,53906,292.6730911286419
52978,53908,246.48491604030647
52978,53915,378.6668064004696
52978,53917,322.8734821658937
52978,53923,466.99135922894203
52978,53924,464.4626139912488
52978,53925,425.9590930140731
52978,53926,439.22462302759936
52978,53927,372.9265828337862
52978,53928,409.20282779917346
52978,53930,511.99560614387633
52978,53934,499.0106901820723
52978,53935,534.7750415014895
52978,53937,491.46715988712776
52978,56071,69.04223986817243
52978,56074,139.53455261988594
52978,56080,41.15156773864924
52978,56081,93.98514706530857
52978,56082,113.00704013079368
52978,56084,141.6051513038516
52978,56091,181.977773752627
52978,56092,195.2613913176949
52978,56093,161.6781849033044
52978,56094,231.9379047127583
52978,56095,214.47002230619057
52978,56096,298.0762641043596
52978,56192,319.40862465173745
52978,57001,261.154746676813
52978,57002,287.9650880260872
52978,57004,221.55455543452206
52978,57006,302.8833924776491
52978,57007,268.6357510341601
52978,57008,286.0421279845878
52978,57011,334.8598653822944
52978,57012,336.074777705868
52978,57014,313.82563132541094
52978,57102,335.07052025650756
52978,57105,351.5706195430181
52978,57110,362.8437882168308
52978,57111,374.6487127776723
52980,52981,33.080325088217165
52980,52982,59.0403743882003
52980,52983,77.43213487142671
52980,52984,44.74690995663821
52980,52985,61.28576198462277
52980,52986,84.36964012379045
52980,52988,76.83600340227609
52980,52993,162.98457519282533
52980,52995,126.87424125399887
52980,52996,168.83295677235918
52980,52998,124.04800483764879
52980,53821,365.1311865751678
52980,53829,414.36741905418364
52980,53906,224.3044853573976
52980,53908,193.62211302417444
52980,53915,307.973912246747
52980,53917,264.2618136825617
52980,53923,391.57726817820196
52980,53924,403.98947382726686
52980,53925,351.66511508365585
52980,53926,372.7219257453213
52980,53927,312.527028483166
52980,53928,344.7052876037909
52980,53930,423.6914590019714
52980,53934,422.63363278814904
52980,53935,464.0605146907284
52980,53937,420.36957375438993
52980,56071,170.961525304271
52980,56074,245.90629347750735
52980,56080,113.90429367882444
52980,56081,141.4486439526777
52980,56082,155.7978376239489
52980,56084,211.60326087365186
52980,56091,163.74312563187306
52980,56092,163.19541261900525
52980,56093,183.51501995928632
52980,56094,262.6396214623761
52980,56095,237.3501167426486
52980,56096,322.22457403891866
52980,56192,358.91950209781834
52980,57001,228.91855230590468
52980,57002,246.97769108839728
52980,57004,199.07679317849156
52980,57006,271.1269437251976
52980,57007,262.7427917353395
52980,57008,282.6488673846242
52980,57011,292.1946419627216
52980,57012,285.0481562478293
52980,57014,280.77818707034453
52980,57102,331.5403038707986
52980,57105,361.53726374454493
52980,57110,351.9505357093287
52980,57111,356.35562528763194
52981,52982,27.06603199400594
52981,52983,72.68801972238768
52981,52984,21.245830852410254
52981,52985,29.295197588787243
52981,52986,56.22836383295134
52981,52988,46.25717885428216
52981,52993,152.81365178313223
52981,52995,112.74535005828862
52981,52996,152.2776134044938
52981,52998,96.35397165172485
52981,53821,366.09983379632575
52981,53829,409.2713681838707
52981,53906,212.54510329071422
52981,53908,175.4016710170545
52981,53915,298.0725823297724
52981,53917,249.2457804459605
52981,53923,384.1892669857209
52981,53924,390.766471245816
52981,53925,343.58746887290533
52981,53926,361.56715618096706
52981,53927,298.6539373698969
52981,53928,332.60380511634395
52981,53930,422.6674700985317
52981,53934,415.79763853384173
52981,53935,454.9888398998744
52981,53937,411.2824555478427
52981,56071,146.33051169826558
52981,56074,221.5403634833775
52981,56080,87.3491630958622
52981,56081,109.12723350068845
52981,56082,122.93780445772789
52981,56084,179.7470742162649
52981,56091,135.4677314325755
52981,56092,137.94693584235097
52981,56093,150.87582837125322
52981,56094,230.07980471587894
52981,56095,205.13515667699625
52981,56096,290.4363962113834
52981,56192,326.2175809056146
52981,57001,205.34656371941276
52981,57002,226.05847534121594
52981,57004,172.62001944611495
52981,57006,248.08383767486927
52981,57007,234.23233265626388
52981,57008,253.9542104456138
52981,57011,272.352828826288
52981,57012,267.6878124908101
52981,57014,258.1837219060567
52981,57102,303.3044444210127
52981,57105,331.502639333722
52981,57110,325.16900685588564
52981,57111,331.0762125319567
52982,52983,69.48855220426317
52982,52984,35.31955145812372
52982,52985,21.038692413863362
52982,52986,31.5047255025788
52982,52988,19.69134279240245
52982,52993,139.4034038836389
52982,52995,97.5711780862265
52982,52996,133.80018854873285
52982,52998,70.74535916887888
52982,53821,358.7258402014716
52982,53829,396.981077524594
52982,53906,196.7068575280251
52982,53908,155.25652366285934
52982,53915,282.79873813157434
52982,53917,230.62226078665486
52982,53923,370.2939708583056
52982,53924,372.6594790851767
52982,53925,329.3820423175587
52982,53926,345.0285713751772
52982,53927,280.5030630873858
52982,53928,315.5259140109912
52982,53930,413.443063460157
52982,53934,402.1803748762505
52982,53935,439.60575929518023
52982,53937,396.03229239614393
52982,56071,138.55595068251893
52982,56074,212.65696017819312
52982,56080,79.67171671083389
52982,56081,88.71962923758328
52982,56082,100.29115191488108
52982,56084,159.66413624862557
52982,56091,109.21411424233392
52982,56092,113.3892795496611
52982,56093,124.50270626332552
52982,56094,203.601311883552
52982,56095,178.37048607267673
52982,56096,263.49201507554
52982,56192,299.9092728324552
52982,57001,181.31141159455592
52982,57002,203.5632851310186
52982,57004,147.10785261281094
52982,57006,224.16468690757722
52982,57007,207.66318012061652
52982,57008,227.30537199989385
52982,57011,250.3020682543503
52982,57012,247.30189345333736
52982,57014,234.4904111318734
52982,57102,276.77095519823376
52982,57105,304.5023790395043
52982,57110,299.1744819353209
52982,57111,305.7572378660654
52983,52984,93.41601233162763
52983,52985,89.5092667953948
52983,52986,61.155450716027936
52983,52988,67.91220627428584
52983,52993,85.73968935292648
52983,52995,53.35056940162732
52983,52996,95.77279485167062
52983,52998,82.50095438460251
52983,53821,293.41298885858055
52983,53829,338.2443110984024
52983,53906,147.18641630042808
52983,53908,121.67359071761497
52983,53915,230.54294361744564
52983,53917,188.35394294955591
52983,53923,314.5690610902542
52983,53924,326.93318368077007
52983,53925,274.4612718148503
52983,53926,295.32189932466554
52983,53927,235.84570363335567
52983,53928,267.447865477389
52983,53930,350.2032934489056
52983,53934,345.81417841860326
52983,53935,386.7362041108905
52983,53937,343.0296678187225
52983,56071,207.682640004421
52983,56074,281.088756578156
52983,56080,149.10627497840122
52983,56081,149.15607940469235
52983,56082,155.2900799413948
52983,56084,217.23678257465556
52983,56091,117.20313666684365
52983,56092,106.93949000167348
52983,56093,160.73613105705672
52983,56094,233.52448692136514
52983,56095,205.89990332655398
52983,56096,283.85661858903046
52983,56192,328.54060079424016
52983,57001,164.41916790593598
52983,57002,177.29984234419456
52983,57004,143.18834486862727
52983,57006,204.42237128181327
52983,57007,210.25554453328272
52983,57008,230.13529636260319
52983,57011,220.33839108746145
52983,57012,210.69717882919034
52983,57014,213.08790568649374
52983,57102,276.18780568252026
52983,57105,312.40075683302666
52983,57110,291.93447870345705
52983,57111,292.6525961997921
52984,52985,22.406103934596096
52984,52986,66.77738025496839
52984,52988,54.24893501459445
52984,52993,171.3664990727971
52984,52995,130.37150951908953
52984,52996,168.2717843030042
52984,52998,105.28569224371599
52984,53821,386.6886569029788
52984,53829,428.5390937350421
52984,53906,230.13956223101252
52984,53908,190.28008198008607
52984,53915,316.0329275540309
52984,53917,265.2716317334666
52984,53923,402.82168943486795
52984,53924,407.19838669437763
52984,53925,362.06618389414484
52984,53926,378.9161405991349
52984,53927,315.01888686768376
52984,53928,349.63647503027113
52984,53930,442.8675010719139
52984,53934,434.5592352528691
52984,53935,472.97140771002
52984,53937,429.3145752632626
52984,56071,127.39383075397289
52984,56074,202.59992104281514
52984,56080,69.3970090305316
52984,56081,99.17590978935088
52984,56082,115.07294681318436
52984,56084,168.1545098629331
52984,56091,142.7148406893507
52984,56092,148.3530959464046
52984,56093,149.17911518894337
52984,56094,228.06728795410055
52984,56095,204.4523441429153
52984,56096,290.46795189691215
52984,56192,323.2596059661533
52984,57001,216.36876098464165
52984,57002,238.87762848810752
52984,57004,181.35957646631056
52984,57006,259.2277120314576
52984,57007,240.0861816204717
52984,57008,259.45032224749104
52984,57011,285.62123461314974
52984,57012,282.4383071582459
52984,57014,269.61584780927086
52984,57102,309.14415424737797
52984,57105,334.7542343061451
52984,57110,332.5772749897188
52984,57111,339.9471650224432
52985,52986,49.31745875687664
52985,52988,35.825631261830274
52985,52993,160.22604573027024
52985,52995,118.25679979925664
52985,52996,153.4127037115568
52985,52998,85.40185205239241
52985,53821,379.7468307732256
52985,53829,417.76708156167155
52985,53906,216.95962830458055
52985,53908,174.0035234745368
52985,53915,303.0815226306109
52985,53917,249.8586528874465
52985,53923,390.82596227241214
52985,53924,391.9294412452168
52985,53925,349.87260855555365
52985,53926,364.89914460567985
52985,53927,299.85381144153
52985,53928,335.24190621760704
52985,53930,434.46938414182233
52985,53934,422.75276103072883
52985,53935,459.76232567051716
52985,53937,416.2441523351042
52985,56071,120.2990197361632
52985,56074,195.11501553811422
52985,56080,60.9549714985134
52985,56081,80.1707486060121
52985,56082,94.78456406580813
52985,56084,150.55939896844546
52985,56091,121.64105819486237
52985,56092,128.83896891765497
52985,56093,126.93020927903467
52985,56094,205.9354582854399
52985,56095,182.12754619690628
52985,56096,268.1086829388676
52985,56192,301.3689779526869
52985,57001,196.8560314065832
52985,57002,220.52446078398435
52985,57004,160.74644189030133
52985,57006,239.65866747480374
52985,57007,218.28437934304688
52985,57008,237.53863274150774
52985,57011,267.4783529741475
52985,57012,265.6116866856654
52985,57014,250.201252712661
52985,57102,287.2755808815553
52985,57105,312.4345937304425
52985,57110,311.14607398360863
52985,57111,319.06756937098345
52986,52988,13.61600316634327
52986,52993,114.0629521593834
52986,52995,71.89767553687648
52986,52996,104.38824858746555
52986,52998,40.17160157437038
52986,53821,336.62991292483747
52986,53829,370.67213319881233
52986,53906,168.60086427962202
52986,53908,124.68845322494204
52986,53915,254.66244980328176
52986,53917,200.57880120516728
52986,53923,342.87295658268465
52986,53924,342.64169784577945
52986,53925,301.845864174664
52986,53926,315.92201039518847
52986,53927,250.59670247446698
52986,53928,286.1540537131178
52986,53930,389.5413378447578
52986,53934,374.88820373657546
52986,53935,411.0692292676988
52986,53937,367.6436002196956
52986,56071,152.80477580230868
52986,56074,223.83508096120468
52986,56080,97.38927373409047
52986,56081,88.3697526987786
52986,56082,94.1958735000658
52986,56084,156.11316992975577
52986,56091,79.59996461220925
52986,56092,82.0515118299735
52986,56093,105.53262495065027
52986,56094,182.83404078634217
52986,56095,156.29934755306246
52986,56096,239.57185536343906
52986,56192,279.28677627933536
52986,57001,149.87120668573425
52986,57002,172.11792334741705
52986,57004,116.39341248705318
52986,57006,192.7147186767959
52986,57007,178.59149774068962
52986,57008,198.43658970109118
52986,57011,218.9127003115474
52986,57012,216.40540322591605
52986,57014,203.0111892452276
52986,57102,247.54812176658078
52986,57105,277.2072232671489
52986,57110,268.9853758971577
52986,57111,274.9013652116723
52988,52993,127.08209237030266
52988,52995,84.87218660240137
52988,52996,118.00246354671965
52988,52998,51.1650452300808
52988,53821,349.0729604063219
52988,53829,384.0119036542421
52988,53906,182.1416554670804
52988,53908,138.2060260194456
52988,53915,268.22177176261545
52988,53917,214.16223983068434
52988,53923,356.3663376330096
52988,53924,356.2179370594782
52988,53925,315.34835996999817
52988,53926,329.5371814344895
52988,53927,264.18872357078465
52988,53928,299.7693310707169
52988,53930,402.4235975578362
52988,53934,388.36891170406244
52988,53935,424.6664062693775
52988,53937,381.2304302043353
52988,56071,141.8347524947582
52988,56074,213.9902402710393
52988,56080,85.21855676836647
52988,56081,81.85427329280563
52988,56082,90.2028260114016
52988,56084,151.5005849335107
52988,56091,89.52879787865241
52988,56092,94.10416107244362
52988,56093,108.1653768131008
52988,56094,186.75459833818573
52988,56095,160.93261818022384
52988,56096,245.44312775093854
52988,56192,283.24475209037024
52988,57001,162.12543271541236
52988,57002,185.03831882653523
52988,57004,127.47778022573135
52988,57006,204.98363534488
52988,57007,188.06497759449272
52988,57008,207.7457490681412
52988,57011,231.9226948579419
52988,57012,229.79201084901277
52988,57014,215.39023837682848
52988,57102,257.16241060065227
52988,57105,285.33549415065426
52988,57110,279.4831768479424
52988,57111,286.13326328479195
52993,52995,42.210303552538484
52993,52996,33.701635752500344
52993,52998,99.8985753290492
52993,53821,223.6460369163849
52993,53829,257.58073065883303
52993,53906,61.47085588528164
52993,53908,53.22284337930028
52993,53915,145.51490584122413
52993,53917,104.14140934771598
52993,53923,231.4716959100816
52993,53924,241.20431594930946
52993,53925,190.78969404754332
52993,53926,209.82623731478978
52993,53927,150.38684377363862
52993,53928,181.73255714778972
52993,53930,275.51462417837473
52993,53934,263.1928932487827
52993,53935,302.2930294598216
52993,53937,258.56974059685257
52993,56071,264.0708100647468
52993,56074,331.0370686754113
52993,56080,211.08440614070244
52993,56081,190.74707739869476
52993,56082,188.21071068831006
52993,56084,245.6701482474097
52993,56091,107.28826532671678
52993,56092,84.76208380257513
52993,56093,168.86892867783632
52993,56094,220.9877119460051
52993,56095,194.1892946037047
52993,56096,254.18074665302566
52993,56192,306.1185095357946
52993,57001,106.19314012766853
52993,57002,106.37582696921167
52993,57004,107.15624527061833
52993,57006,137.21063395321693
52993,57007,167.28071265862215
52993,57008,184.87469881676853
52993,57011,142.7060885727521
52993,57012,128.8545017174396
52993,57014,143.43367471351536
52993,57102,222.92561563289428
52993,57105,266.0790780933222
52993,57110,230.80605350275152
52993,57111,225.88582020572068
52995,52996,42.549367007706365
52995,52998,62.95559124150055
52995,53821,265.1063137109733
52995,53829,299.5294445429677
52995,53906,99.85063800483255
52995,53908,68.33537242144433
52995,53915,185.6614207974242
52995,53917,137.5385750559544
52995,53923,272.7604162339278
52995,53924,278.31127597309194
52995,53925,231.88958858780626
52995,53926,248.83169757414043
52995,53927,186.3621772344411
52995,53928,219.8815062887819
52995,53930,317.6436668717869
52995,53934,304.62208825156955
52995,53935,342.6015976994668
52995,53937,298.9432002555665
52995,56071,222.90556755221982
52995,56074,291.28233141002823
52995,56080,169.0931048686988
52995,56081,151.52942785871178
52995,56082,151.0013764201584
52995,56084,210.68201454665316
52995,56091,82.40032112996248
52995,56092,64.62282045550239
52995,56093,139.21673274007335
52995,56094,201.67752421791505
52995,56095,173.93392912029782
52995,56096,244.2321050772449
52995,56192,292.8063802545623
52995,57001,112.74496641890583
52995,57002,124.01003133743319
52995,57004,97.53558019472662
52995,57006,151.61835448221956
52995,57007,164.02235202346455
52995,57008,183.3971048010228
52995,57011,167.09894270863168
52995,57012,158.35377165039083
52995,57014,160.02731340167978
52995,57102,227.24663790350908
52995,57105,266.1277404988175
52995,57110,240.85111172775046
52995,57111,240.32232106163573
52996,52998,79.56550185210655
52996,53821,244.40099734567076
52996,53829,268.8362790605689
52996,53906,65.3632765756395
52996,53908,26.100585644813545
52996,53915,150.78990076045113
52996,53917,97.04261947855447
52996,53923,239.55600912526182
52996,53924,238.9317256113846
52996,53925,198.50589817552026
52996,53926,211.53651166670846
52996,53927,146.75384690365078
52996,53928,181.8292755753376
52996,53930,292.2200847016807
52996,53934,271.6510424647007
52996,53935,306.77271943692153
52996,53937,263.43336873291463
52996,56071,246.48830684375335
52996,56074,309.84230576568774
52996,56080,197.44778365901144
52996,56081,169.98934478370523
52996,56082,164.77418034474303
52996,56084,219.28023264524887
52996,56091,77.38950633758517
52996,56092,54.05970953710416
52996,56093,139.7059030354873
52996,56094,187.80881690885263
52996,56095,161.2900546015372
52996,56096,220.6038916723011
52996,56192,272.4199051667704
52996,57001,75.60551667082298
52996,57002,82.29132343019
52996,57004,73.47371096449588
52996,57006,111.1936344488152
52996,57007,134.38197109590945
52996,57008,152.44999121189497
52996,57011,124.574441274104
52996,57012,116.23049648950037
52996,57014,118.91809023204131
52996,57102,192.46123637116543
52996,57105,234.34569637766083
52996,57110,202.88076085252726
52996,57111,200.38144422269008
52998,53821,322.3646477838557
52998,53829,348.1666978354502
52998,53906,144.71604385828323
52998,53908,94.25544294740175
52998,53915,229.10775134217448
52998,53917,170.44746081159897
52998,53923,318.19093264969393
52998,53924,311.5362337067443
52998,53925,277.21998468911767
52998,53926,287.4286968577601
52998,53927,220.3604258893984
52998,53928,257.1599499894418
52998,53930,371.57697539008944
52998,53934,350.29076150141606
52998,53935,383.5091371898078
52998,53937,340.6216678491085
52998,56071,166.9236470309703
52998,56074,231.48863100311743
52998,56080,119.32947961115799
52998,56081,91.16671499447163
52998,56082,88.52885510408596
52998,56084,147.7265014707271
52998,56091,39.72223847522273
52998,56092,43.48065802963919
52998,56093,79.64260332211552
52998,56094,151.0891925310808
52998,56095,123.55769776896626
52998,56096,203.65398076667196
52998,56192,246.51772618305006
52998,57001,111.45588114808861
52998,57002,135.86049159336682
52998,57004,76.38183221253615
52998,57006,154.25873587497117
52998,57007,138.69527895876038
52998,57008,158.61231675293013
52998,57011,182.90141962365843
52998,57012,183.01267190151802
52998,57014,164.80377081744066
52998,57102,207.53344554005946
52998,57105,238.22171658611012
52998,57110,228.82211787503869
52998,57111,235.01671523885383
53821,53829,84.92962637141069
53821,53906,184.0780045799072
53821,53908,239.63514552990534
53821,53915,126.91204805467613
53821,53917,186.77838025147813
53821,53923,98.10027986493428
53821,53924,169.458739592795
53821,53925,99.66013995126974
53821,53926,135.88447783461316
53821,53927,164.3759005936542
53821,53928,143.610451604065
53821,53930,62.2909521316297
53821,53934,107.08602586535636
53821,53935,156.6199541499065
53821,53937,129.52283733555348
53821,56071,487.7167634540028
53821,56074,553.8012800478614
53821,56080,434.01769280878403
53821,56081,413.52590333910445
53821,56082,409.15330114318994
53821,56084,462.64154363121156
53821,56091,319.4967243431144
53821,56092,296.31055780930524
53821,56093,380.8907443571764
53821,56094,409.26758399085355
53821,56095,387.6752937518405
53821,56096,414.2609085944001
53821,56192,469.2460472011236
53821,57001,269.79095389215973
53821,57002,242.6917304177357
53821,57004,299.7695267910329
53821,57006,262.2283200404285
53821,57007,328.32603727234607
53821,57008,336.0805153476876
53821,57011,227.73584420508482
53821,57012,202.96902839514834
53821,57014,257.54509443516537
53821,57102,345.27133469713067
53821,57105,392.59443781045366
53821,57110,329.81492788767434
53821,57111,308.6820033436578
53829,53906,203.49274346889658
53829,53908,256.0417384119114
53829,53915,120.97383854430926
53829,53917,185.99090575805417
53829,53923,36.98568252116793
53829,53924,104.42854827914626
53829,53925,73.06113642216273
53829,53926,85.98031335204715
53829,53927,144.79294254101805
53829,53928,109.85438550241399
53829,53930,52.811206003089424
53829,53934,23.404001671217863
53829,53935,71.69034013004234
53829,53937,51.23883403770611
53829,56071,514.7884248847399
53829,56074,574.5925235723658
53829,56080,466.07598047163697
53829,56081,436.9972302193117
53829,56082,429.0925446347267
53829,56084,475.78019960575307
53829,56091,335.6160116563761
53829,56092,314.10517386207755
53829,56093,392.79643403311866
53829,56094,404.7882605299754
53829,56095,387.4289833061588
53829,56096,396.0438129322239
53829,56192,448.99327728434895
53829,57001,270.49845504302516
53829,57002,239.76167838923195
53829,57004,307.45319172105656
53829,57006,249.9110204122387
53829,57007,318.641633011945
53829,57008,321.415353435734
53829,57011,209.7196553297347
53829,57012,190.09997690294512
53829,57014,242.21147956849072
53829,57102,318.2102885655907
53829,57105,362.4351428109707
53829,57110,295.9598475431056
53829,57111,271.8336929354444
53906,53908,55.620536034615405
53906,53915,86.12248722966659
53906,53917,46.09394419888463
53906,53923,174.398568046159
53906,53924,179.74714631500032
53906,53925,133.34395864355653
53906,53926,149.04580682466982
53906,53927,89.13332014415082
53906,53928,120.46158288808785
53906,53930,228.37594204625123
53906,53934,206.46744345124156
53906,53935,242.91349371880366
53906,53937,199.3254464103593
53906,56071,311.523699192687
53906,56074,373.39065250279356
53906,56080,262.77358243094244
53906,56081,234.32473751579116
53906,56082,227.763147341387
53906,56084,279.0299619726185
53906,56091,135.99959585810106
53906,56092,113.18126262129033
53906,56093,196.89119122385472
53906,56094,229.7798476709934
53906,56095,206.2085685286785
53906,56096,247.1536562241399
53906,56192,301.96412202010515
53906,57001,92.77794348018723
53906,57002,74.85546467508159
53906,57004,116.54548031835292
53906,57006,104.67602851718793
53906,57007,157.1128120269501
53906,57008,170.25331175662762
53906,57011,94.23148587834025
53906,57012,74.2803364858849
53906,57014,106.6333962388753
53906,57102,197.0354987040947
53906,57105,244.03850084842682
53906,57110,196.48090926981288
53906,57111,185.84798681342016
53908,53915,135.7526314999681
53908,53917,76.39084205948878
53908,53923,224.85050495381375
53908,53924,218.18595327226657
53908,53925,184.09352620622153
53908,53926,193.18101639710153
53908,53927,126.44317503794628
53908,53928,162.94676649151498
53908,53930,283.42775036815544
53908,53934,256.8919881238857
53908,53935,289.26157770267093
53908,53937,246.4453529993857
53908,56071,259.2178436488757
53908,56074,318.9384477113752
53908,56080,213.5846218017585
53908,56081,181.01747077351138
53908,56082,173.2679891152982
53908,56084,223.45751947127536
53908,56091,80.59243489173653
53908,56092,58.21904542281651
53908,56093,141.2781186447335
53908,56094,178.66197491919607
53908,56095,153.6568701321301
53908,56096,204.59642508643972
53908,56192,257.9140563507113
53908,57001,53.10913574749537
53908,57002,56.231628402876424
53908,57004,63.202382946237336
53908,57006,85.6132472569665
53908,57007,115.86266557083427
53908,57008,132.6252827709801
53908,57011,98.8827450816364
53908,57012,92.2946666005105
53908,57014,93.00624606372556
53908,57102,169.70322538730127
53908,57105,213.1284558552734
53908,57110,178.25879981845242
53908,57111,174.81779760918914
53915,53917,65.68629126447553
53915,53923,89.13102887836568
53915,53924,101.50089706022713
53915,53925,48.36900595649946
53915,53926,65.56054415622
53915,53927,39.22525144889953
53915,53928,42.219622881268755
53915,53930,154.77514914136464
53915,53934,121.2108109788838
53915,53935,156.9468263184115
53915,53937,113.28274888223164
53915,56071,394.9582702194354
53915,56074,453.72007090259484
53915,56080,348.0218855500068
53915,56081,316.7231722616218
53915,56082,308.3395312908695
53915,56084,354.9298880277428
53915,56091,214.7502910364571
53915,56092,193.51375122174045
53915,56093,271.9267188427887
53915,56094,288.37328350706844
53915,56095,269.1681349646051
53915,56096,288.2101537128672
53915,56192,342.96147949834034
53915,57001,151.0165921483208
53915,57002,121.16318719571343
53915,57004,186.76714447923885
53915,57006,136.69664821969786
53915,57007,204.3953872595346
53915,57008,210.5108100989539
53915,57011,100.85125413740556
53915,57012,76.49205520451378
53915,57014,131.20541428323835
53915,57102,218.44244909786832
53915,57105,265.9318598520135
53915,57110,204.3051065900772
53915,57111,184.5803354046234
53917,53923,152.3896219405098
53917,53924,142.0729938376852
53917,53925,112.93376952811852
53917,53926,117.20809138452148
53917,53927,50.073579512256956
53917,53928,86.80972089022109
53917,53930,220.1279913151315
53917,53934,183.97641444227065
53917,53935,213.51973908898844
53917,53937,171.2163167062383
53917,56071,333.6116824262998
53917,56074,389.93813718316073
53917,56080,289.69993112155043
53917,56081,254.8040323404082
53917,56082,245.20685965204115
53917,56084,289.87229184484625
53917,56091,151.54031620479216
53917,56092,131.6094641628362
53917,56093,206.9422900821312
53917,56094,223.6426507924929
53917,56095,203.74450552579148
53917,56096,228.5310345913036
53917,56192,283.74197014090703
53917,57001,85.39540445457334
53917,57002,56.231628402877206
53917,57004,121.4797303990143
53917,57006,77.00198970384298
53917,57007,141.55347015513752
53917,57008,150.0767805396176
53917,57011,52.82646221469093
53917,57012,29.222647596882812
53917,57014,74.62629188042125
53917,57102,166.76086500755588
53917,57105,214.78914329724273
53917,57110,160.30269160952113
53917,57111,146.24283135522444
53923,53924,73.47646691613389
53923,53925,41.056769076699894
53923,53926,49.322196926781054
53923,53927,108.93265091948165
53923,53928,73.11802169468933
53923,53930,86.11203924532876
53923,53934,32.10456304147204
53923,53935,75.04230969533164
53923,53937,35.14353525241584
53923,56071,484.0679306064366
53923,56074,542.1688598412704
53923,56080,436.9593764407175
53923,56081,405.7490386177313
53923,56082,397.05118870731684
53923,56084,442.11849641012935
53923,56091,303.36077982810053
53923,56092,282.44913721905675
53923,56093,359.26510360916717
53923,56094,368.7690877078824
53923,56095,351.9599573402307
53923,56096,359.1179659960005
53923,56192,412.01326420063293
53923,57001,235.85068976926695
53923,57002,204.84396522037133
53923,57004,273.7034379846499
53923,57006,213.68867911419505
53923,57007,282.3624664700328
53923,57008,284.7407975682129
53923,57011,173.22363003495167
53923,57012,154.35496601210122
53923,57014,205.75333008621817
53923,57102,281.24796426592417
53923,57105,325.6119003549636
53923,57110,259.25316232214925
53923,57111,235.29950441706208
53924,53925,78.77856195210849
53924,53926,39.68113613362111
53924,53927,92.17951213685453
53924,53928,60.294537921478216
53924,53930,157.0247834516072
53924,53934,85.5173021264592
53924,53935,84.30842862253762
53924,53937,57.029252345136925
53924,56071,470.99172069450987
53924,56074,521.7305026592871
53924,56080,430.2516335930359
53924,56081,392.0558084657584
53924,56082,380.3964510736076
53924,56084,417.47698158157493
53924,56091,288.41059990766985
53924,56092,270.8133454071864
53924,56093,336.8731976677214
53924,56094,331.15508735158147
53924,56095,318.80476235968734
53924,56096,310.30870182184043
53924,56192,360.2389008898884
53924,57001,212.0571664677124
53924,57002,181.38506261116476
53924,57004,252.99736296150422
53924,57006,179.3756352104775
53924,57007,244.47645384602768
53924,57008,242.16659058785385
53924,57011,138.83901760812802
53924,57012,129.8328116272496
53924,57014,169.3342691104533
53924,57102,228.1156470438519
53924,57105,268.51416289376493
53924,57110,201.53299196705746
53924,57111,176.22052236846028
53925,53926,39.834209026156266
53925,53927,73.71971878601954
53925,53928,44.71820970817491
53925,53930,111.93428042184675
53925,53934,73.14518303034065
53925,53935,112.67527547193413
53925,53937,69.30780863653355
53925,56071,443.2721735999937
53925,56074,502.008915403359
53925,56080,395.92211224684763
53925,56081,365.0839320142144
53925,56082,356.68242395243516
53925,56084,402.7618156447381
53925,56091,263.0622199567931
53925,56092,241.8822204704783
53925,56093,319.7934156892218
53925,56094,332.87556700266964
53925,56095,314.87101250336866
53925,56096,327.6429399662849
53925,56192,381.5616790968563
53925,57001,197.546033092143
53925,57002,166.95613012137966
53925,57004,234.4055206954954
53925,57006,178.72437223460946
53925,57007,247.37391732925119
53925,57008,251.4451235280368
53925,57011,139.61538963726036
53925,57012,118.29256768459297
53925,57014,171.7351177470973
53925,57102,252.98717424604183
53925,57105,299.0581572625015
53925,57110,234.22319282283382
53925,57111,211.78992258146113
53926,53927,68.41137559724429
53926,53928,30.484323653780667
53926,53930,134.98659415485352
53926,53934,74.47008346293775
53926,53935,96.35134156878617
53926,53937,55.05375391145138
53926,56071,450.62465609148813
53926,56074,505.2447926257996
53926,56080,406.75002568746896
53926,56081,371.7200875737818
53926,56082,361.50314057494916
53926,56084,403.0043878573102
53926,56091,268.12842227358334
53926,56092,248.74066046071394
53926,56093,320.8256573918296
53926,56094,324.2736095209233
53926,56095,308.9992350490896
53926,56096,311.37445591585663
53926,56192,363.74466995560476
53926,57001,195.82383230299214
53926,57002,164.5270026497131
53926,57004,235.457285227041
53926,57006,169.2661974762171
53926,57007,237.35725946302
53926,57008,238.31834682511573
53926,57011,128.1402812597365
53926,57012,112.466338662414
53926,57014,160.52927350679298
53926,57102,232.49618005224426
53926,57105,276.462703159918
53926,57110,209.9919536882839
53926,57111,185.97925905470234
53927,53928,38.028982742487116
53927,53930,185.55002893356027
53927,53934,139.1513579805166
53927,53935,164.61196392766593
53927,53937,123.27761741391036
53927,56071,382.44540455547934
53927,56074,436.8756771271127
53927,56080,339.5134236168496
53927,56081,303.4973762152226
53927,56082,293.1138164893354
53927,56084,334.98662819390137
53927,56091,199.82406043755978
53927,56092,180.79268338176075
53927,56093,252.5993934967656
53927,56094,259.99778553733273
53927,56095,243.0473815187321
53927,56096,254.1356519368101
53927,56192,308.3063334606063
53927,57001,127.88571759591052
53927,57002,96.62747969456133
53927,57004,167.13160659326712
53927,57006,105.23293854908573
53927,57007,173.96547658106823
53927,57008,177.725541230362
53927,57011,65.93408694165544
53927,57012,45.42396090830656
53927,57014,98.02388607048348
53927,57102,181.31393732175255
53927,57105,228.33642795932286
53927,57110,165.65569293932444
53927,57111,145.47720818981455
53928,53930,154.55174231340123
53928,53934,102.06239705832641
53928,53935,126.82791121016258
53928,53937,85.2486446985167
53928,56071,420.1439940602322
53928,56074,474.90252721330666
53928,56080,376.4592323591418
53928,56081,341.23639712545935
53928,56082,331.04294209270654
53928,56084,372.9345476688287
53928,56091,237.64685118664678
53928,56092,218.28177816037967
53928,56093,290.60916262146895
53928,56094,296.08560185631035
53928,56095,280.00873351895825
53928,56096,286.31408332377435
53928,56192,339.5796113821297
53928,57001,165.77705530021356
53928,57002,134.4881915984579
53928,57004,205.15885463701133
53928,57006,140.90642429597187
53928,57007,209.4565145974558
53928,57008,211.6238060662773
53928,57011,100.19151681679477
53928,57012,82.70944207606313
53928,57014,132.73096172128592
53928,57102,209.72566298678345
53928,57105,255.21386032591704
53928,57110,189.89230489604415
53928,57111,167.183805719383
53930,53934,74.5840588314936
53930,53935,114.41837617450786
53930,53937,103.66809459170351
53930,56071,538.3025470044817
53930,56074,601.7027595381214
53930,56080,486.5630304692522
53930,56081,462.19155811943375
53930,56082,456.1247571910363
53930,56084,506.46596023128757
53930,56091,364.01359399253687
53930,56092,341.46463288974377
53930,56093,423.6774455288426
53930,56094,443.10329280413526
53930,56095,423.85462019543536
53930,56096,439.57712200786426
53930,56192,493.4502098184178
53930,57001,305.5037738595109
53930,57002,275.9281583635614
53930,57004,339.69299942374903
53930,57006,290.0881712562532
53930,57007,358.49330591085635
53930,57008,363.20666879272915
53930,57011,251.48331489913383
53930,57012,229.4710183499169
53930,57014,283.45327932123973
53930,57102,364.25724042325913
53930,57105,409.6645882966676
53930,57110,343.89027912997886
53930,57111,320.4257087686169
53934,53935,50.59045643742666
53934,53937,29.447549424590207
53934,56071,516.1077070595171
53934,56074,573.8906673466709
53934,56080,469.0614133028853
53934,56081,437.7364861456725
53934,56082,428.89990640140576
53934,56084,473.4139739338939
53934,56091,335.19420482533314
53934,56092,314.407712628861
53934,56093,390.65689355852606
53934,56094,398.08968776163357
53934,56095,382.0118424300638
53934,56096,385.7435874663174
53934,56192,437.83919498407636
53934,57001,266.7467429367659
53934,57002,235.5999832371071
53934,57004,305.05770092127875
53934,57006,242.91450870163638
53934,57007,311.3385763237249
53934,57008,312.72524182195144
53934,57011,202.01505890838206
53934,57012,184.47127948244707
53934,57014,234.52046885663796
53934,57102,306.21521143382057
53934,57105,349.2487398590534
53934,57110,282.3803963790887
53934,57111,257.72184395700486
53935,53937,43.72817978004014
53935,56071,546.9712708548751
53935,56074,601.018459903236
53935,56080,502.83580828803383
53935,56081,468.056573640454
53935,56082,457.6988926619424
53935,56084,498.0318069085326
53935,56091,364.42714215926463
53935,56092,345.0866648066767
53935,56093,416.3204604689404
53935,56094,414.770830554417
53935,56095,401.4954192238691
53935,56096,394.5240864703203
53935,56192,444.0245458152988
53935,57001,291.1085043719782
53935,57002,259.88938042496835
53935,57004,331.24002641039175
53935,57006,261.49884784685713
53935,57007,327.8702555954451
53935,57008,326.2268957743393
53935,57011,220.40346626839917
53935,57012,207.6405962413077
53935,57014,251.88947973437644
53935,57102,312.0207682385926
53935,57105,351.2757701291608
53935,57110,284.53876019002655
53935,57111,259.014732255182
53937,56071,504.8240686674885
53937,56074,560.1467726035501
53937,56080,459.90735304626014
53937,56081,426.0153376408336
53937,56082,416.1298560836625
53937,56084,458.05400534599096
53937,56091,322.60415185920465
53937,56092,302.8013949033312
53937,56093,375.83053369802246
53937,56094,378.3832229740031
53937,56095,363.6769761981807
53937,56096,362.61438543066447
53937,56192,413.8451153152743
53937,57001,250.872166301766
53937,57002,219.57463317052344
53937,57004,290.4056914304301
53937,57006,223.7260595053812
53937,57007,291.36899383089593
53937,57008,291.36321046377367
53937,57011,182.51072065109602
53937,57012,167.51572325466913
53937,57014,214.67808650431883
53937,57102,281.8105322877298
53937,57105,323.72886753323314
53937,57110,256.7180506686401
53937,57111,231.71331704357232
56071,56074,75.23815521789305
56071,56080,59.356426244275255
56071,56081,78.98644689423453
56071,56082,91.65280626383468
56071,56084,87.90346760652243
56071,56091,182.74830757160956
56071,56092,202.03460201366798
56071,56093,140.43326470852801
56071,56094,193.87088865088603
56071,56095,183.39391853085073
56071,56096,259.1126372416475
56071,56192,270.63656898334284
56071,57001,259.7943812361939
56071,57002,289.78827190005853
56071,57004,218.57109289022662
56071,57006,297.85997208809675
56071,57007,250.2057812382971
56071,57008,264.64422703576474
56071,57011,334.7084608559781
56071,57012,341.19592304995837
56071,57014,308.8774622748458
56071,57102,310.6299288101383
56071,57105,318.2522465034141
56071,57110,341.4830256429589
56071,57111,357.2702278354119
56074,56080,134.35357669575927
56074,56081,140.3397004303201
56074,56082,145.6859532274279
56074,56084,106.37272342596181
56074,56091,238.9791703563016
56074,56092,260.7212189306108
56074,56093,184.88468357674978
56074,56094,213.02068104674996
56074,56095,212.24681261808794
56074,56096,271.35744606152474
56074,56192,267.38079015806596
56074,57001,310.04054545249284
56074,57002,341.17052073044977
56074,57004,269.8073050497001
56074,57006,343.63475775135163
56074,57007,286.4798300300972
56074,57008,297.1215265513445
56074,57011,383.1222369216091
56074,57012,393.4105943456
56074,57014,354.2984033118755
56074,57102,337.55297967849594
56074,57105,334.52969377176436
56074,57110,370.4161209084528
56074,57111,389.71302820164294
56080,56081,52.96471420445304
56080,56082,72.07440345121182
56080,56084,107.85916720877277
56080,56091,144.2636575590519
56080,56092,159.57623898698813
56080,56093,120.53602491415253
56080,56094,191.51350883794092
56080,56095,173.45622542179964
56080,56096,257.50014068256894
56080,56192,280.65812093409505
56080,57001,223.65615033591797
56080,57002,251.54225776746614
56080,57004,183.3260912459506
56080,57006,264.70148237503315
56080,57007,228.00520905317487
56080,57008,245.185625432535
56080,57011,298.0999964878571
56080,57012,300.95036259660054
56080,57014,275.71237456110674
56080,57102,294.08074777984444
56080,57105,310.4740407958362
56080,57110,322.1252472794704
56080,57111,334.4034373862704
56081,56082,19.161912856083273
56081,56084,70.99242643227772
56081,56091,103.76190967678886
56081,56092,123.36581962792542
56081,56093,68.3784049016342
56081,56094,138.92121293903566
56081,56095,120.50055019234303
56081,56096,204.71692319491535
56081,56192,229.88888774640458
56081,57001,181.2386807664362
56081,57002,210.96365878897765
56081,57004,140.03968793336097
56081,57006,220.2089803598588
56081,57007,177.69646506613
56081,57008,194.08268878250033
56081,57011,256.2325562390151
56081,57012,262.24133675807377
56081,57014,231.26018053094992
56081,57102,242.4145677749228
56081,57105,257.59368367789364
56081,57110,271.29183498250575
56081,57111,284.7967104741211
56082,56084,61.962004692361695
56082,56091,93.7092940713353
56082,56092,115.06042390610332
56082,56093,50.54060070369592
56082,56094,119.79079784733823
56082,56095,101.47211815364939
56082,56096,185.55548856446995
56082,56192,211.29562534340508
56082,57001,168.61648832312048
56082,57002,199.01229365180416
56082,57004,127.46452810689338
56082,57006,206.2153884980447
56082,57007,160.63908977186068
56082,57008,176.4769864195726
56082,57011,243.36197711725094
56082,57012,250.84174063266732
56082,57014,217.22896887558738
56082,57102,224.37871287961977
56082,57105,238.65839284355735
56082,57110,253.72866727458407
56082,57111,267.9033809366232
56084,56091,143.15111485102935
56084,56092,166.3532309622533
56084,56093,83.00666904236725
56084,56094,110.13780356324642
56084,56095,106.16159533718627
56084,56096,173.31679750602396
56084,56192,182.77587351580573
56084,57001,207.18206270381765
56084,57002,238.47979209025814
56084,57004,168.42095352489733
56084,57006,238.51966364726786
56084,57007,180.11036973400783
56084,57008,190.9723768466133
56084,57011,278.63971536066725
56084,57012,290.6011208012019
56084,57014,249.0104649661575
56084,57102,232.7758960397707
56084,57105,234.43333376301405
56084,57110,265.21589055243993
56084,57111,283.82178621562065
56091,56092,23.4248915850892
56091,56093,62.326058769597864
56091,56094,119.46617050205498
56091,56095,91.65516343986877
56091,56096,166.65427914002404
56091,56192,212.31258997924277
56091,57001,79.39652141598945
56091,57002,107.79761155408544
56091,57004,39.79180850342211
56091,57006,120.91916429008926
56091,57007,99.01445274389069
56091,57008,118.90574439372273
56091,57011,153.96975707805967
56091,57012,158.57788142379977
56091,57014,131.84931551605817
56091,57102,167.94927961983674
56091,57105,198.6990807139785
56091,57110,189.99652707533016
56091,57111,197.43155240965072
56092,56093,85.72825422017186
56092,56094,138.22382773176113
56092,56095,110.78341023577923
56092,56096,179.8373309114831
56092,56192,228.21242292953022
56092,57001,68.05253341139351
56092,57002,92.7855134537562
56092,57004,36.67014751467623
56092,57006,110.89940823154062
56092,57007,103.3991063710817
56092,57008,123.34553206948837
56092,57011,139.78676640709227
56092,57012,141.37414577361292
56092,57014,121.37646675114719
56092,57102,170.371419016542
56092,57105,205.46423934554133
56092,57110,188.9408944552501
56092,57111,193.35907578428635
56093,56094,79.22351964881346
56093,56095,55.50260908767819
56093,56096,141.62929023298366
56093,56192,175.40721858702116
56093,57001,125.22358368988196
56093,57002,156.4345292952751
56093,57004,85.60418577109652
56093,57006,159.57692751124122
56093,57007,110.23813053107351
56093,57008,125.94088372009249
56093,57011,198.4173993444901
56093,57012,208.68091224699285
56093,57014,170.43299662129007
56093,57102,174.04309849378342
56093,57105,190.56353575222602
56093,57110,203.192431814194
56093,57111,217.51594265125826
56094,56095,27.8452046722206
56094,56096,66.26157629780778
56094,56192,96.51312127274794
56094,57001,139.49707498185924
56094,57002,167.44298012351697
56094,57004,115.69636946243484
56094,57006,155.1809607364379
56094,57007,87.02488548367413
56094,57008,90.31785084281901
56094,57011,196.1486248606105
56094,57012,214.72833398100337
56094,57014,163.7595172961724
56094,57102,124.97621400146062
56094,57105,124.61600870337608
56094,57110,158.21829228269672
56094,57111,179.10644441052816
56095,56096,86.13097427311193
56095,56192,123.20255209504674
56095,57001,118.48891711716165
56095,57002,148.07469658540018
56095,57004,90.4554936502336
56095,57006,140.06686902374773
56095,57007,75.60577016420532
56095,57008,84.87471393659489
56095,57011,181.27328560388412
56095,57012,197.6281175623781
56095,57014,149.62546663718877
56095,57102,127.68749647643206
56095,57105,137.272337521453
56095,57110,159.50935379241267
56095,57111,177.6650022829633
56096,56192,55.24468576610879
56096,57001,154.9629185052571
56096,57002,174.86861049087543
56096,57004,148.1008614752217
56096,57006,152.06228402827
56096,57007,90.09931469622639
56096,57008,78.46316648651603
56096,57011,188.2701088627902
56096,57012,211.7192931167183
56096,57014,157.01001016489204
56096,57102,83.8049442399519
56096,57105,63.69942950884138
56096,57110,115.5858344877419
56096,57111,140.35584045655278
56192,57001,209.45780428735048
56192,57002,230.0705214503469
56192,57004,199.09758944151193
56192,57006,207.1519091409452
56192,57007,144.86410320694063
56192,57008,133.69626551050266
56192,57011,242.62701298755326
56192,57012,266.486542199768
56192,57014,211.78612642940686
56192,57102,132.14984326013382
56192,57105,96.45700481646875
56192,57110,160.37684904293704
56192,57111,185.97519675931923
57001,57002,31.297764851095653
57001,57004,41.224505053089615
57001,57006,42.859144720997634
57001,57007,64.92839067902773
57001,57008,80.19739649546007
57001,57011,75.00135340393007
57001,57012,83.48643065942257
57001,57014,53.35074756738796
57001,57102,116.96050154753684
57001,57105,160.02350497653205
57001,57110,128.1416326061946
57001,57111,128.40109594301902
57002,57004,71.65023057352394
57002,57006,31.41828234080129
57002,57007,86.1467110399437
57002,57008,96.77219418719088
57002,57011,47.041021126654265
57002,57012,52.24921101024277
57002,57014,37.105725008092975
57002,57102,122.62051369056775
57002,57105,169.26839182334535
57002,57110,125.50149750259254
57002,57111,119.51328793049935
57004,57006,81.39707282814491
57004,57007,67.1332538525914
57004,57008,86.9539139910521
57004,57011,116.19557533977101
57004,57012,123.74933750826726
57004,57014,92.3927607512864
57004,57102,133.70325303171086
57004,57105,169.41066981593647
57004,57110,152.8850178313497
57004,57111,158.65554961278326
57006,57007,68.73912216777019
57006,57008,73.89757671768382
57006,57011,41.22406858529008
57006,57012,60.62647698403021
57006,57014,11.055231403256517
57006,57102,92.4364865273794
57006,57105,139.8369217889538
57006,57110,94.09801525214166
57006,57111,89.21389740698459
57007,57008,20.029054650245573
57007,57011,109.3236205071666
57007,57012,129.1129650933254
57007,57014,76.83658937484934
57007,57102,69.11497839801551
57007,57105,102.29486266031122
57007,57110,94.25868128531988
57007,57111,107.27906388290359
57008,57011,111.8960786088427
57008,57012,134.16372305825874
57008,57014,79.75633440427147
57008,57102,49.77777990443187
57008,57105,82.73071309595012
57008,57110,77.25175080415475
57008,57111,93.12338402114902
57011,57012,26.007590066453137
57011,57014,32.539445528035436
57011,57102,118.14167076145547
57011,57105,166.0149370028511
57011,57110,108.1717642098902
57011,57111,93.4183070249533
57012,57014,54.713664947750985
57012,57102,143.85112578558127
57012,57105,191.81171834384318
57012,57110,134.03752037827311
57012,57111,118.35515880068623
57014,57102,92.32174256600533
57014,57105,140.26956980679154
57014,57110,90.04390532058711
57014,57111,82.46998552386852
57102,57105,48.0616538531691
57102,57110,33.482275305157195
57102,57111,56.871621728600644
57105,57110,67.02379706171392
57105,57111,92.32379159857462
57110,57111,25.623509487700282
